TMQSN1,DCMNAME,PT,QUALIFYV,TMMTD,REPEATSN,TMDT,STUDY,TMLOCL,CPEVENT,VISIT,SUBEVE,INVSITE,TMSIZE2,TMNO,TMDESC,TMSUM,TMLOCC,TMQSN2
N,TM_ASSESS_TAR,01-02,1,3.0,1,20081210.0,MAXIS-08,LUNG,BASELINE,1,0,C008_408,2.5,1.0,RIGHT MIDDLE LOBE,,,
N,TM_ASSESS_TAR,01-02,1,3.0,2,20081210.0,MAXIS-08,LUNG,BASELINE,1,0,C008_408,5.2,2.0,RIGHT LOWER LOBE,,,
N,TM_ASSESS_TAR,01-02,1,3.0,3,20081210.0,MAXIS-08,LUNG,BASELINE,1,0,C008_408,2.1,3.0,LEFT UPPER LOBE,,,
N,TM_ASSESS_TAR,01-02,1,3.0,4,20081210.0,MAXIS-08,LUNG,BASELINE,1,0,C008_408,1.4,4.0,LEFT LOWER LOBE,,,
N,TM_ASSESS_TAR,01-02,1,3.0,5,20081210.0,MAXIS-08,LIVER,BASELINE,1,0,C008_408,7.3,5.0,UPPER LOBE,,,
N,TM_ASSESS_TAR,01-02,1,3.0,6,20081210.0,MAXIS-08,LIVER,BASELINE,1,0,C008_408,5.1,6.0,LOWER LOBE,,,
,TM_ASSESS_TAR,01-02,2,,1,,MAXIS-08,,BASELINE,1,0,C008_408,,,,23.6,,
N,TM_ASSESS_TAR,01-02,1,3.0,1,20080202.0,MAXIS-08,LUNG,OFF-STUDY,998,0,C008_408,2.8,1.0,RIGHT MIDDLE LOBE,,,
N,TM_ASSESS_TAR,01-02,1,3.0,2,20080202.0,MAXIS-08,LUNG,OFF-STUDY,998,0,C008_408,5.2,2.0,RIGHT LOWER LOBE,,,
N,TM_ASSESS_TAR,01-02,1,3.0,3,20080202.0,MAXIS-08,LUNG,OFF-STUDY,998,0,C008_408,2.5,3.0,LEFT UPPER LOBE,,,
N,TM_ASSESS_TAR,01-02,1,3.0,4,20080202.0,MAXIS-08,LUNG,OFF-STUDY,998,0,C008_408,1.8,4.0,LEFT LOWER LOBE,,,
N,TM_ASSESS_TAR,01-02,1,3.0,5,20080202.0,MAXIS-08,LIVER,OFF-STUDY,998,0,C008_408,8.0,5.0,UPPER LOBE,,,
N,TM_ASSESS_TAR,01-02,1,3.0,6,20080202.0,MAXIS-08,LIVER,OFF-STUDY,998,0,C008_408,7.9,6.0,LOWER LOBE,,,
,TM_ASSESS_TAR,01-02,2,,1,,MAXIS-08,,OFF-STUDY,998,0,C008_408,,,,28.2,,
N,TM_ASSESS_TAR,01-03,1,3.0,1,20090126.0,MAXIS-08,LIVER,BASELINE,1,0,C008_408,8.1,1.0,RIGHT HEPATIC LOBE,,,
,TM_ASSESS_TAR,01-03,2,,1,,MAXIS-08,,BASELINE,1,0,C008_408,,,,8.1,,
N,TM_ASSESS_TAR,01-04,1,3.0,1,20090206.0,MAXIS-08,LUNG,BASELINE,1,0,C008_408,2.6,1.0,"RIGHT LUNG, LATERAL ANTERIOR",,,
N,TM_ASSESS_TAR,01-04,1,3.0,2,20090206.0,MAXIS-08,LUNG,BASELINE,1,0,C008_408,2.3,2.0,"RIGHT LUNG, MEDIAL",,,
N,TM_ASSESS_TAR,01-04,1,3.0,3,20090206.0,MAXIS-08,LUNG,BASELINE,1,0,C008_408,2.8,3.0,"RIGHT LUNG, LATERAL POSTERIOR",,,
N,TM_ASSESS_TAR,01-04,1,3.0,4,20090206.0,MAXIS-08,LIVER,BASELINE,1,0,C008_408,1.1,4.0,PORTA HEPATIS,,,
,TM_ASSESS_TAR,01-04,2,,1,,MAXIS-08,,BASELINE,1,0,C008_408,,,,8.8,,
N,TM_ASSESS_TAR,01-04,1,3.0,1,20090320.0,MAXIS-08,LUNG,END OF CYCLE 1,9,0,C008_408,2.8,1.0,"RIGHT LUNG, LATERAL ANTERIOR",,,
N,TM_ASSESS_TAR,01-04,1,3.0,2,20090320.0,MAXIS-08,LUNG,END OF CYCLE 1,9,0,C008_408,1.8,2.0,"RIGHT LUNG, MEDIAL",,,
N,TM_ASSESS_TAR,01-04,1,3.0,3,20090320.0,MAXIS-08,LUNG,END OF CYCLE 1,9,0,C008_408,1.8,3.0,"RIGHT LUNG, LATERAL POSTERIOR",,,
N,TM_ASSESS_TAR,01-04,1,3.0,4,20090320.0,MAXIS-08,LIVER,END OF CYCLE 1,9,0,C008_408,1.1,4.0,PORTA HEPATIS,,,
,TM_ASSESS_TAR,01-04,2,,1,,MAXIS-08,,END OF CYCLE 1,9,0,C008_408,,,,7.5,,
N,TM_ASSESS_TAR,01-04,1,3.0,1,20090501.0,MAXIS-08,LUNG,END OF CYCLE 2,17,0,C008_408,2.0,1.0,"RIGHT LUNG, LATERAL ANTERIOR",,,
N,TM_ASSESS_TAR,01-04,1,3.0,2,20090501.0,MAXIS-08,LUNG,END OF CYCLE 2,17,0,C008_408,1.1,2.0,"RIGHT LUNG, MEDIAL",,,
N,TM_ASSESS_TAR,01-04,1,3.0,3,20090501.0,MAXIS-08,LUNG,END OF CYCLE 2,17,0,C008_408,1.3,3.0,"RIGHT LUNG, LATERAL POSTERIOR",,,
N,TM_ASSESS_TAR,01-04,1,3.0,4,20090501.0,MAXIS-08,LIVER,END OF CYCLE 2,17,0,C008_408,1.0,4.0,PORTA HEPATIS,,,
,TM_ASSESS_TAR,01-04,2,,1,,MAXIS-08,,END OF CYCLE 2,17,0,C008_408,,,,5.4,,
N,TM_ASSESS_TAR,01-04,1,3.0,1,20090619.0,MAXIS-08,LUNG,END OF CYCLE 3,25,0,C008_408,1.8,1.0,"RIGHT LUNG, LATERAL ANTERIOR",,,
N,TM_ASSESS_TAR,01-04,1,3.0,2,20090619.0,MAXIS-08,LUNG,END OF CYCLE 3,25,0,C008_408,0.7,2.0,"RIGHT LUNG, MEDIAL",,,
N,TM_ASSESS_TAR,01-04,1,3.0,3,20090619.0,MAXIS-08,LUNG,END OF CYCLE 3,25,0,C008_408,1.1,3.0,"RIGHT LUNG, LATERAL POSTERIOR",,,
N,TM_ASSESS_TAR,01-04,1,3.0,4,20090619.0,MAXIS-08,LUNG,END OF CYCLE 3,25,0,C008_408,0.8,4.0,PORTA HEPATIS,,,
,TM_ASSESS_TAR,01-04,2,,1,,MAXIS-08,,END OF CYCLE 3,25,0,C008_408,,,,4.4,,
N,TM_ASSESS_TAR,01-04,1,3.0,1,20090731.0,MAXIS-08,LUNG,END OF CYCLE 4,33,0,C008_408,1.8,1.0,"RIGHT LUNG, LATERAL ANTERIOR",,,
N,TM_ASSESS_TAR,01-04,1,3.0,2,20090731.0,MAXIS-08,LUNG,END OF CYCLE 4,33,0,C008_408,0.7,2.0,"RIGHT LUNG, MEDIAL",,,
N,TM_ASSESS_TAR,01-04,1,3.0,3,20090731.0,MAXIS-08,LUNG,END OF CYCLE 4,33,0,C008_408,1.1,3.0,"RIGHT LUNG, LATERAL POSTERIOR",,,
N,TM_ASSESS_TAR,01-04,1,3.0,4,20090731.0,MAXIS-08,LUNG,END OF CYCLE 4,33,0,C008_408,0.8,4.0,PORTA HEPATIS,,,
,TM_ASSESS_TAR,01-04,2,,1,,MAXIS-08,,END OF CYCLE 4,33,0,C008_408,,,,4.4,,
N,TM_ASSESS_TAR,01-04,1,4.0,1,20090911.0,MAXIS-08,LUNG,OFF-STUDY,998,0,C008_408,1.8,1.0,"RIGHT LUNG, LATERAL ANTERIOR",,,
N,TM_ASSESS_TAR,01-04,1,4.0,2,20090911.0,MAXIS-08,LUNG,OFF-STUDY,998,0,C008_408,0.7,2.0,"RIGHT LUNG, MEDIAL",,,
N,TM_ASSESS_TAR,01-04,1,4.0,3,20090911.0,MAXIS-08,LUNG,OFF-STUDY,998,0,C008_408,1.1,3.0,"RIGHT LUNG, LATERAL POSTERIOR",,,
N,TM_ASSESS_TAR,01-04,1,4.0,4,20090911.0,MAXIS-08,LUNG,OFF-STUDY,998,0,C008_408,0.8,4.0,PORTA HEPATIS,,,
,TM_ASSESS_TAR,01-04,2,,1,,MAXIS-08,,OFF-STUDY,998,0,C008_408,,,,4.4,,
N,TM_ASSESS_TAR,01-05,1,3.0,1,20090528.0,MAXIS-08,LUNG,BASELINE,1,0,C008_408,2.0,1.0,RIGHT LUNG MASS,,,
N,TM_ASSESS_TAR,01-05,1,3.0,2,20090528.0,MAXIS-08,OTHER,BASELINE,1,0,C008_408,6.3,2.0,OMENTAL MASS,,PERITONEUM,
,TM_ASSESS_TAR,01-05,2,,1,,MAXIS-08,,BASELINE,1,0,C008_408,,,,8.3,,
N,TM_ASSESS_TAR,01-05,1,3.0,1,20090710.0,MAXIS-08,LUNG,OFF-STUDY,998,0,C008_408,2.5,1.0,RIGHT LUNG MASS,,,
N,TM_ASSESS_TAR,01-05,1,3.0,2,20090710.0,MAXIS-08,OTHER,OFF-STUDY,998,0,C008_408,7.5,2.0,OMENTAL MASS,,PERITONEUM,
,TM_ASSESS_TAR,01-05,2,,1,,MAXIS-08,,OFF-STUDY,998,0,C008_408,,,,10.0,,
N,TM_ASSESS_TAR,01-06,1,4.0,1,20090606.0,MAXIS-08,LUNG,BASELINE,1,0,C008_408,2.6,1.0,RIGHT MIDDLE LOBE,,,
,TM_ASSESS_TAR,01-06,2,,1,,MAXIS-08,,BASELINE,1,0,C008_408,,,,2.6,,
N,TM_ASSESS_TAR,01-06,1,4.0,1,20090720.0,MAXIS-08,LUNG,END OF CYCLE 1,9,0,C008_408,2.1,1.0,RIGHT MIDDLE LOBE,,,
,TM_ASSESS_TAR,01-06,2,,1,,MAXIS-08,,END OF CYCLE 1,9,0,C008_408,,,,2.1,,
N,TM_ASSESS_TAR,01-06,1,4.0,1,20090812.0,MAXIS-08,LUNG,OFF-STUDY,998,0,C008_408,2.1,1.0,RIGHT MIDDLE LOBE,,,
,TM_ASSESS_TAR,01-06,2,,1,,MAXIS-08,,OFF-STUDY,998,0,C008_408,,,,2.1,,
N,TM_ASSESS_TAR,01-07,1,4.0,1,20090615.0,MAXIS-08,LUNG,BASELINE,1,0,C008_408,5.3,1.0,LEFT UPPER LOBE MASS,,,
N,TM_ASSESS_TAR,01-07,1,4.0,2,20090615.0,MAXIS-08,LUNG,BASELINE,1,0,C008_408,1.8,2.0,PERIHILAR NODE,,,
N,TM_ASSESS_TAR,01-07,1,4.0,3,20090615.0,MAXIS-08,LIVER,BASELINE,1,0,C008_408,4.1,3.0,SEG 6 MASS,,,
,TM_ASSESS_TAR,01-07,2,,1,,MAXIS-08,,BASELINE,1,0,C008_408,,,,11.2,,
N,TM_ASSESS_TAR,01-07,1,4.0,1,20090803.0,MAXIS-08,LUNG,OFF-STUDY,998,0,C008_408,5.5,1.0,LEFT UPPER LOBE MASS,,,
N,TM_ASSESS_TAR,01-07,1,4.0,2,20090803.0,MAXIS-08,LUNG,OFF-STUDY,998,0,C008_408,1.9,2.0,PERIHILAR NODE,,,
N,TM_ASSESS_TAR,01-07,1,4.0,3,20090803.0,MAXIS-08,LIVER,OFF-STUDY,998,0,C008_408,5.8,3.0,SEG 6 MASS,,,
,TM_ASSESS_TAR,01-07,2,,1,,MAXIS-08,,OFF-STUDY,998,0,C008_408,,,,13.2,,
N,TM_ASSESS_TAR,01-10,1,4.0,1,20090720.0,MAXIS-08,LYMPH,BASELINE,1,0,C008_408,1.0,1.0,AORTIC-PULMONARY WINDOW #1,,,
N,TM_ASSESS_TAR,01-10,1,4.0,2,20090720.0,MAXIS-08,LYMPH,BASELINE,1,0,C008_408,1.6,2.0,AORTIC-PULMONARY WINDOW #2,,,
N,TM_ASSESS_TAR,01-10,1,4.0,3,20090720.0,MAXIS-08,LYMPH,BASELINE,1,0,C008_408,1.3,3.0,PERIPORTAL LYMPH NODE,,,
N,TM_ASSESS_TAR,01-10,1,4.0,4,20090720.0,MAXIS-08,OTHER,BASELINE,1,0,C008_408,2.9,4.0,ABDOMEN WALL SCAR,,ABDOMINAL WALL,
,TM_ASSESS_TAR,01-10,2,,1,,MAXIS-08,,BASELINE,1,0,C008_408,,,,6.8,,
N,TM_ASSESS_TAR,01-10,1,4.0,1,20090831.0,MAXIS-08,LYMPH,END OF CYCLE 1,9,0,C008_408,0.9,1.0,AORTIC-PULMONARY WINDOW #1,,,
N,TM_ASSESS_TAR,01-10,1,4.0,2,20090831.0,MAXIS-08,LYMPH,END OF CYCLE 1,9,0,C008_408,2.0,2.0,AORTIC-PULMONARY WINDOW #2,,,
N,TM_ASSESS_TAR,01-10,1,4.0,3,20090831.0,MAXIS-08,LYMPH,END OF CYCLE 1,9,0,C008_408,1.1,3.0,PERIPORTAL LYMPH NODE,,,
N,TM_ASSESS_TAR,01-10,1,4.0,4,20090831.0,MAXIS-08,OTHER,END OF CYCLE 1,9,0,C008_408,2.6,4.0,ABDOMEN WALL SCAR,,ABDOMINAL WALL,
,TM_ASSESS_TAR,01-10,2,,1,,MAXIS-08,,END OF CYCLE 1,9,0,C008_408,,,,6.6,,
N,TM_ASSESS_TAR,01-10,1,4.0,1,20091016.0,MAXIS-08,LYMPH,END OF CYCLE 2,17,0,C008_408,0.9,1.0,AORTIC-PULMONARY WINDOW #1,,,
N,TM_ASSESS_TAR,01-10,1,4.0,2,20091016.0,MAXIS-08,LYMPH,END OF CYCLE 2,17,0,C008_408,1.9,2.0,AORTIC-PULMONARY WINDOW #2,,,
N,TM_ASSESS_TAR,01-10,1,4.0,3,20091016.0,MAXIS-08,LYMPH,END OF CYCLE 2,17,0,C008_408,1.1,3.0,PERIPORTAL LYMPH NODE,,,
N,TM_ASSESS_TAR,01-10,1,4.0,4,20091016.0,MAXIS-08,OTHER,END OF CYCLE 2,17,0,C008_408,1.9,4.0,ABDOMEN WALL SCAR,,ABDOMINAL WALL,
,TM_ASSESS_TAR,01-10,2,,1,,MAXIS-08,,END OF CYCLE 2,17,0,C008_408,,,,5.8,,
N,TM_ASSESS_TAR,01-10,1,4.0,1,20091210.0,MAXIS-08,LYMPH,END OF CYCLE 3,25,0,C008_408,1.0,1.0,AORTIC-PULMONARY WINDOW #1,,,
N,TM_ASSESS_TAR,01-10,1,4.0,2,20091210.0,MAXIS-08,LYMPH,END OF CYCLE 3,25,0,C008_408,2.0,2.0,AORTIC-PULMONARY WINDOW #2,,,
N,TM_ASSESS_TAR,01-10,1,4.0,3,20091210.0,MAXIS-08,LYMPH,END OF CYCLE 3,25,0,C008_408,1.2,3.0,PERIPORTAL LYMPH NODE,,,
N,TM_ASSESS_TAR,01-10,1,4.0,4,20091210.0,MAXIS-08,OTHER,END OF CYCLE 3,25,0,C008_408,2.2,4.0,ABDOMEN WALL SCAR,,ABDOMINAL WALL,
,TM_ASSESS_TAR,01-10,2,,1,,MAXIS-08,,END OF CYCLE 3,25,0,C008_408,,,,6.4,,
N,TM_ASSESS_TAR,01-10,1,4.0,1,20100208.0,MAXIS-08,LYMPH,OFF-STUDY,998,0,C008_408,0.9,1.0,AORTIC-PULMONARY WINDOW #1,,,
N,TM_ASSESS_TAR,01-10,1,4.0,2,20100208.0,MAXIS-08,LYMPH,OFF-STUDY,998,0,C008_408,1.9,2.0,AORTIC-PULMONARY WINDOW #2,,,
N,TM_ASSESS_TAR,01-10,1,4.0,3,20100208.0,MAXIS-08,LYMPH,OFF-STUDY,998,0,C008_408,1.2,3.0,PERIPORTAL LYMPH NODE,,,
N,TM_ASSESS_TAR,01-10,1,4.0,4,20100208.0,MAXIS-08,OTHER,OFF-STUDY,998,0,C008_408,2.3,4.0,ABDOMEN WALL SCAR,,ABDOMINAL WALL,
,TM_ASSESS_TAR,01-10,2,,1,,MAXIS-08,,OFF-STUDY,998,0,C008_408,,,,6.3,,
N,TM_ASSESS_TAR,01-11,1,4.0,1,20090722.0,MAXIS-08,LIVER,BASELINE,1,0,C008_408,1.2,1.0,DOME HYPERVASCULAR,,,
N,TM_ASSESS_TAR,01-11,1,4.0,2,20090722.0,MAXIS-08,LIVER,BASELINE,1,0,C008_408,1.2,2.0,ANTERIOR RIGHT LOBE HYPERVASCULAR,,,
N,TM_ASSESS_TAR,01-11,1,4.0,3,20090722.0,MAXIS-08,PANCREAS,BASELINE,1,0,C008_408,2.9,3.0,PANCREAS HEAD VASCULAR,,,
,TM_ASSESS_TAR,01-11,2,,1,,MAXIS-08,,BASELINE,1,0,C008_408,,,,5.3,,
N,TM_ASSESS_TAR,01-11,1,4.0,1,20090902.0,MAXIS-08,LIVER,END OF CYCLE 1,9,0,C008_408,1.3,1.0,DOME HYPERVASCULAR,,,
N,TM_ASSESS_TAR,01-11,1,4.0,2,20090902.0,MAXIS-08,LIVER,END OF CYCLE 1,9,0,C008_408,1.2,2.0,ANTERIOR RIGHT LOBE HYPERVASCULAR,,,
N,TM_ASSESS_TAR,01-11,1,4.0,3,20090902.0,MAXIS-08,PANCREAS,END OF CYCLE 1,9,0,C008_408,2.9,3.0,PANCREAS HEAD VASCULAR,,,
,TM_ASSESS_TAR,01-11,2,,1,,MAXIS-08,,END OF CYCLE 1,9,0,C008_408,,,,5.4,,
N,TM_ASSESS_TAR,01-11,1,4.0,1,20091013.0,MAXIS-08,LIVER,END OF CYCLE 2,17,0,C008_408,1.5,1.0,DOME HYPERVASCULAR,,,
N,TM_ASSESS_TAR,01-11,1,4.0,2,20091013.0,MAXIS-08,LIVER,END OF CYCLE 2,17,0,C008_408,1.3,2.0,ANTERIOR RIGHT LOBE HYPERVASCULAR,,,
N,TM_ASSESS_TAR,01-11,1,4.0,3,20091013.0,MAXIS-08,PANCREAS,END OF CYCLE 2,17,0,C008_408,3.0,3.0,PANCREAS HEAD VASCULAR,,,
,TM_ASSESS_TAR,01-11,2,,1,,MAXIS-08,,END OF CYCLE 2,17,0,C008_408,,,,5.8,,
N,TM_ASSESS_TAR,01-11,1,4.0,1,20091201.0,MAXIS-08,LIVER,END OF CYCLE 3,25,0,C008_408,1.5,1.0,DOME HYPERVASCULAR,,,
N,TM_ASSESS_TAR,01-11,1,4.0,2,20091201.0,MAXIS-08,LIVER,END OF CYCLE 3,25,0,C008_408,1.2,2.0,ANTERIOR RIGHT LOBE HYPERVASCULAR,,,
N,TM_ASSESS_TAR,01-11,1,4.0,3,20091201.0,MAXIS-08,PANCREAS,END OF CYCLE 3,25,0,C008_408,3.0,3.0,PANCREAS HEAD VASCULAR,,,
,TM_ASSESS_TAR,01-11,2,,1,,MAXIS-08,,END OF CYCLE 3,25,0,C008_408,,,,5.7,,
N,TM_ASSESS_TAR,01-11,1,4.0,1,20100112.0,MAXIS-08,LIVER,END OF CYCLE 4,33,0,C008_408,1.4,1.0,DOME HYPERVASCULAR,,,
N,TM_ASSESS_TAR,01-11,1,4.0,2,20100112.0,MAXIS-08,LIVER,END OF CYCLE 4,33,0,C008_408,,2.0,ANTERIOR RIGHT LOBE HYPERVASCULAR,,,NOT ASSESSABLE
N,TM_ASSESS_TAR,01-11,1,4.0,3,20100112.0,MAXIS-08,PANCREAS,END OF CYCLE 4,33,0,C008_408,2.9,3.0,PANCREAS HEAD VASCULAR,,,
,TM_ASSESS_TAR,01-11,2,,1,,MAXIS-08,,END OF CYCLE 4,33,0,C008_408,,,,4.3,,
N,TM_ASSESS_TAR,01-13,1,4.0,1,20090924.0,MAXIS-08,LIVER,BASELINE,1,0,C008_408,1.6,1.0,RIGHT LOBE LIVER,,,
,TM_ASSESS_TAR,01-13,2,,1,,MAXIS-08,,BASELINE,1,0,C008_408,,,,1.6,,
,TM_ASSESS_TAR,01-13,1,,1,,MAXIS-08,,OFF-STUDY,998,0,C008_408,,1.0,RIGHT LOBE LIVER,,,
N,TM_ASSESS_TAR,01-14,1,4.0,1,20091023.0,MAXIS-08,OTHER,BASELINE,1,0,C008_408,3.8,1.0,MASS ADJACENT TO RIGHT ILIAC VESSLES,,ILIAC VESSELS IN ABDOMEN,
N,TM_ASSESS_TAR,01-14,1,4.0,2,20091023.0,MAXIS-08,OTHER,BASELINE,1,0,C008_408,1.8,2.0,RIGHT PELVIC SIDE WALL AND PERIVESICAL FAT,,PERIVESICAL FAT,
N,TM_ASSESS_TAR,01-14,1,4.0,3,20091023.0,MAXIS-08,LYMPH,BASELINE,1,0,C008_408,1.2,3.0,MESENTRIC LYMPH NODE,,,
N,TM_ASSESS_TAR,01-14,1,4.0,4,20091023.0,MAXIS-08,LYMPH,BASELINE,1,0,C008_408,1.6,4.0,COMMON FEMORAL LYMPH NODE,,,
,TM_ASSESS_TAR,01-14,2,,1,,MAXIS-08,,BASELINE,1,0,C008_408,,,,8.4,,
N,TM_ASSESS_TAR,01-14,1,4.0,1,20091204.0,MAXIS-08,OTHER,END OF CYCLE 1,9,0,C008_408,4.8,1.0,MASS ADJACENT TO RIGHT ILIAC VESSELS,,ILIAC VESSELS IN ABDOMEN,
N,TM_ASSESS_TAR,01-14,1,4.0,2,20091204.0,MAXIS-08,OTHER,END OF CYCLE 1,9,0,C008_408,1.9,2.0,RIGHT PELVIC SIDE WALL AND PERIVESICAL FAT,,PERIVESICAL FAT,
N,TM_ASSESS_TAR,01-14,1,4.0,3,20091204.0,MAXIS-08,LYMPH,END OF CYCLE 1,9,0,C008_408,1.3,3.0,MESENTERIC LYMPH NODE,,,
N,TM_ASSESS_TAR,01-14,1,4.0,4,20091204.0,MAXIS-08,LYMPH,END OF CYCLE 1,9,0,C008_408,1.4,4.0,COMMON FEMORAL LYMPH NODE,,,
,TM_ASSESS_TAR,01-14,2,,1,,MAXIS-08,,END OF CYCLE 1,9,0,C008_408,,,,9.4,,
N,TM_ASSESS_TAR,01-14,1,4.0,1,20100108.0,MAXIS-08,OTHER,OFF-STUDY,998,0,C008_408,4.8,1.0,MASS ADJACENT TO RIGHT ILIAC VESSELS,,ILIAC VESSELS IN ABDOMEN,
N,TM_ASSESS_TAR,01-14,1,4.0,2,20100108.0,MAXIS-08,OTHER,OFF-STUDY,998,0,C008_408,1.9,2.0,RIGHT PELVIC SIDE WALL AND PERIVESICAL FAT,,PERIVESICAL FAT,
N,TM_ASSESS_TAR,01-14,1,4.0,3,20100108.0,MAXIS-08,LYMPH,OFF-STUDY,998,0,C008_408,1.7,3.0,MESENTERIC LYMPH NODE,,,
N,TM_ASSESS_TAR,01-14,1,4.0,4,20100108.0,MAXIS-08,LYMPH,OFF-STUDY,998,0,C008_408,1.4,4.0,COMMON FEMORAL LYMPH NODE,,,
,TM_ASSESS_TAR,01-14,2,,1,,MAXIS-08,,OFF-STUDY,998,0,C008_408,,,,9.8,,
N,TM_ASSESS_TAR,01-15,1,4.0,1,20100323.0,MAXIS-08,LUNG,BASELINE,1,0,C008_408,1.7,1.0,LEFT MIDDLE LOBE,,,
N,TM_ASSESS_TAR,01-15,1,4.0,2,20100323.0,MAXIS-08,LUNG,BASELINE,1,0,C008_408,1.8,2.0,LEFT LUNG BASE,,,
,TM_ASSESS_TAR,01-15,2,,1,,MAXIS-08,,BASELINE,1,0,C008_408,,,,3.5,,
N,TM_ASSESS_TAR,01-15,1,4.0,1,20100510.0,MAXIS-08,LUNG,END OF CYCLE 1,9,0,C008_408,1.7,1.0,LEFT MIDDLE LOBE,,,
N,TM_ASSESS_TAR,01-15,1,4.0,2,20100510.0,MAXIS-08,LUNG,END OF CYCLE 1,9,0,C008_408,1.7,2.0,LEFT LUNG BASE,,,
,TM_ASSESS_TAR,01-15,2,,1,,MAXIS-08,,END OF CYCLE 1,9,0,C008_408,,,,3.4,,
N,TM_ASSESS_TAR,01-16,1,4.0,1,20100608.0,MAXIS-08,LUNG,BASELINE,1,0,C008_408,1.3,1.0,RIGHT UPPER LOBE,,,
N,TM_ASSESS_TAR,01-16,1,4.0,2,20100608.0,MAXIS-08,LIVER,BASELINE,1,0,C008_408,2.9,2.0,LEFT HEPATIC LOBE MEDICAL SEGMENT,,,
N,TM_ASSESS_TAR,01-16,1,4.0,3,20100608.0,MAXIS-08,LIVER,BASELINE,1,0,C008_408,3.9,3.0,RIGHT HEPATIC LOBE POST SEGMENT,,,
N,TM_ASSESS_TAR,01-16,1,4.0,4,20100608.0,MAXIS-08,LIVER,BASELINE,1,0,C008_408,3.2,4.0,CAUDATE LOBE,,,
,TM_ASSESS_TAR,01-16,2,,1,,MAXIS-08,,BASELINE,1,0,C008_408,,,,11.3,,
N,TM_ASSESS_TAR,01-16,1,4.0,1,20100803.0,MAXIS-08,LUNG,OFF-STUDY,998,0,C008_408,1.4,1.0,RIGHT UPPER LOBE,,,
N,TM_ASSESS_TAR,01-16,1,4.0,2,20100803.0,MAXIS-08,LIVER,OFF-STUDY,998,0,C008_408,3.6,2.0,LEFT HEPATIC LOBE MEDICAL SEGMENT,,,
N,TM_ASSESS_TAR,01-16,1,4.0,3,20100803.0,MAXIS-08,LIVER,OFF-STUDY,998,0,C008_408,5.0,3.0,RIGHT HEPATIC LOBE POST SEGMENT,,,
N,TM_ASSESS_TAR,01-16,1,4.0,4,20100803.0,MAXIS-08,LIVER,OFF-STUDY,998,0,C008_408,3.8,4.0,CAUDATE LOBE,,,
,TM_ASSESS_TAR,01-16,2,,1,,MAXIS-08,,OFF-STUDY,998,0,C008_408,,,,13.8,,
