STUDYID,DOMAIN,USUBJID,SUBJID,SITEID,SEX,ARM,ARMCD,COUNTRY,RACE,ETHNIC,BRTHDTC,AGE,AGEU
MAXIS-08,DM,MAXIS-08-408-01-01,01-01,408,M,UNKNOWN,UNKNOWN,USA,BLACK OR AFRICAN AMERICAN,NOT HISPANIC OR LATINO,1974-09-18,51,YEARS
MAXIS-08,DM,MAXIS-08-408-01-02,01-02,408,M,UNKNOWN,UNKNOWN,USA,ASIAN,NOT HISPANIC OR LATINO,1950-08-07,75,YEARS
MAXIS-08,DM,MAXIS-08-408-01-03,01-03,408,F,UNKNOWN,UNKNOWN,USA,WHITE,HISPANIC OR LATINO,1962-07-15,63,YEARS
MAXIS-08,DM,MAXIS-08-408-01-04,01-04,408,F,UNKNOWN,UNKNOWN,USA,WHITE,HISPANIC OR LATINO,1970-01-08,56,YEARS
MAXIS-08,DM,MAXIS-08-408-01-05,01-05,408,M,UNKNOWN,UNKNOWN,USA,ASIAN,NOT HISPANIC OR LATINO,1973-05-20,52,YEARS
MAXIS-08,DM,MAXIS-08-408-01-06,01-06,408,M,UNKNOWN,UNKNOWN,USA,WHITE,NOT HISPANIC OR LATINO,1981-01-29,45,YEARS
MAXIS-08,DM,MAXIS-08-408-01-07,01-07,408,M,UNKNOWN,UNKNOWN,USA,WHITE,HISPANIC OR LATINO,1938-05-18,87,YEARS
MAXIS-08,DM,MAXIS-08-408-01-08,01-08,408,F,UNKNOWN,UNKNOWN,USA,ASIAN,NOT HISPANIC OR LATINO,1930-06-23,95,YEARS
MAXIS-08,DM,MAXIS-08-408-01-09,01-09,408,M,UNKNOWN,UNKNOWN,USA,WHITE,NOT HISPANIC OR LATINO,1944-07-03,81,YEARS
MAXIS-08,DM,MAXIS-08-408-01-10,01-10,408,F,UNKNOWN,UNKNOWN,USA,WHITE,NOT HISPANIC OR LATINO,1951-01-10,75,YEARS
MAXIS-08,DM,MAXIS-08-408-01-11,01-11,408,F,UNKNOWN,UNKNOWN,USA,WHITE,NOT HISPANIC OR LATINO,1940-03-15,85,YEARS
MAXIS-08,DM,MAXIS-08-408-01-12,01-12,408,F,UNKNOWN,UNKNOWN,USA,WHITE,NOT HISPANIC OR LATINO,1938-02-23,87,YEARS
MAXIS-08,DM,MAXIS-08-408-01-13,01-13,408,F,UNKNOWN,UNKNOWN,USA,WHITE,NOT HISPANIC OR LATINO,1934-09-26,91,YEARS
MAXIS-08,DM,MAXIS-08-408-01-14,01-14,408,F,UNKNOWN,UNKNOWN,USA,WHITE,HISPANIC OR LATINO,1949-04-13,76,YEARS
MAXIS-08,DM,MAXIS-08-408-01-15,01-15,408,M,UNKNOWN,UNKNOWN,USA,WHITE,NOT HISPANIC OR LATINO,1944-12-29,81,YEARS
MAXIS-08,DM,MAXIS-08-408-01-16,01-16,408,F,UNKNOWN,UNKNOWN,USA,WHITE,NOT HISPANIC OR LATINO,1963-05-01,62,YEARS
